Code département,département,circonscription,Inscrits,Votants,Exprimés,Blancs et nuls,BOUSSEL (MPT),LAGUILLER (LO),LAJOINIE (PCF),JUQUIN ( ),MITTERRAND (PS),WAECHTER (V),BARRE (UDF),CHIRAC (RPR),LE PEN (FN)
1,AIN,1,71805,57896,56775,1121,218,833,2260,1269,18789,2425,11265,12073,7643
1,AIN,2,67741,55321,54306,1015,182,792,3312,948,16525,2069,10921,9040,10517
1,AIN,3,66725,53473,52666,807,193,800,2291,984,16036,2385,13102,9609,7266
1,AIN,4,78728,64269,62921,1348,243,991,2173,919,19845,2297,12794,12621,11038
2,AISNE,1,69520,58250,57139,1111,245,1545,3962,831,23085,2225,7536,10836,6874
2,AISNE,2,73750,62777,61517,1260,278,1306,6694,765,24056,1795,8030,9901,8692
2,AISNE,3,75697,64220,62604,1616,317,1847,5967,768,24571,1932,7813,11453,7936
2,AISNE,4,76199,62823,61600,1223,266,1334,5899,968,25565,1847,8132,9266,8323
2,AISNE,5,70221,58196,57137,1059,294,1336,4396,849,21364,2003,8458,10042,8395
3,ALLIER,1,58726,48390,47223,1167,231,642,6876,879,15938,1323,7121,9766,4447
3,ALLIER,2,69733,57551,56026,1525,246,907,11133,1617,18044,1740,7785,9521,5033
3,ALLIER,3,72479,61105,59797,1308,205,809,15138,1190,15500,1827,8314,11556,5258
3,ALLIER,4,65292,53151,51873,1278,182,803,5796,897,15591,1553,9010,10978,7063
4,ALPES-DE-HAUTE-PROVENCE,1,47331,39085,38303,782,159,671,3773,1167,11784,1768,5948,6790,6243
4,ALPES-DE-HAUTE-PROVENCE,2,50086,41213,40386,827,157,674,3451,1250,12111,1787,6397,7646,6913
5,HAUTES-ALPES,1,45407,37773,36990,783,163,669,2480,1053,11383,1865,7463,7009,4905
5,HAUTES-ALPES,2,36295,28841,28275,566,92,487,1735,812,7588,1610,5467,6448,4036
6,ALPES-MARITIMES,1,65970,51389,50729,660,111,661,3990,850,13260,1480,6604,11089,12684
6,ALPES-MARITIMES,2,71915,55369,54771,598,122,570,2405,741,12881,1427,8081,14822,13722
6,ALPES-MARITIMES,3,71826,55587,54916,671,149,583,3771,917,13720,1568,7310,12240,14658
6,ALPES-MARITIMES,4,69991,56632,55815,817,122,707,3947,900,13364,1723,9471,13332,12249
6,ALPES-MARITIMES,5,74485,59783,58841,942,154,834,6208,1113,15588,1804,7307,12044,13789
6,ALPES-MARITIMES,6,77070,62313,61446,867,148,634,3257,860,14879,2088,9603,14997,14980
6,ALPES-MARITIMES,7,77463,63315,62584,731,115,747,2905,854,14383,2095,10002,15980,15503
6,ALPES-MARITIMES,8,60050,50031,49494,537,115,493,1905,513,11316,1139,7782,13756,12475
6,ALPES-MARITIMES,9,79920,65083,64224,859,155,778,3363,895,15641,2210,10601,16335,14246
7,ARDECHE,1,64293,53333,52248,1085,202,1047,5598,1560,16174,2015,9539,9321,6792
7,ARDECHE,2,75265,62293,61167,1126,272,1184,3488,1537,18767,2566,12822,13038,7493
7,ARDECHE,3,63967,52620,51562,1058,194,1022,4162,1664,15613,2244,9048,10628,6987
8,ARDENNES,1,69593,57104,56048,1056,237,1274,4197,860,20467,2180,8724,10034,8075
8,ARDENNES,2,64140,51618,50819,799,207,1172,5368,865,19521,1614,6216,7326,8530
8,ARDENNES,3,60118,49411,48531,880,210,1171,3183,859,17814,1745,7171,9568,6810
9,ARIEGE,1,53413,43179,42402,777,155,934,4070,1388,18540,1628,4261,7156,4270
9,ARIEGE,2,54733,45288,44416,872,145,923,5076,1363,17406,1427,4785,8625,4666
10,AUBE,1,54925,45142,42664,2478,179,883,2298,445,14302,1569,8009,8946,6033
10,AUBE,2,66677,54564,53456,1108,205,1005,2905,704,18338,1861,9306,11566,7566
10,AUBE,3,70734,56514,55363,1151,214,981,4623,863,18429,1872,9614,10528,8239
11,AUDE,1,62688,53256,52276,980,169,990,5527,1485,20897,1789,5348,9351,6720
11,AUDE,2,83932,70593,69080,1513,199,1151,8474,1814,26819,1903,6912,10523,11285
11,AUDE,3,70102,59824,58567,1257,197,1153,4532,1345,24469,1984,6328,11879,6680
12,AVEYRON,1,66894,56982,55888,1094,193,1087,1490,996,16766,2271,11317,16456,5312
12,AVEYRON,2,75241,63083,61502,1581,206,1281,4122,1747,23550,2283,11078,12974,4261
12,AVEYRON,3,70274,59432,57915,1517,283,1436,2240,1319,18544,2349,10034,15741,5969
13,BOUCHES-DU-RHONE,1,63526,49146,48520,626,125,582,4063,1076,12395,1196,7643,8373,13067
13,BOUCHES-DU-RHONE,2,62830,48958,48410,548,90,631,2668,890,11135,1267,8456,11536,11737
13,BOUCHES-DU-RHONE,3,58023,41263,40784,479,113,501,2999,814,11494,889,5286,6511,12177
13,BOUCHES-DU-RHONE,4,56612,40805,40255,550,112,555,8566,873,11215,708,3081,3167,11978
13,BOUCHES-DU-RHONE,5,57243,43735,43163,572,112,561,4023,921,11622,1108,6133,6922,11761
13,BOUCHES-DU-RHONE,6,62277,50083,49440,643,144,580,3980,968,13797,1324,7571,7312,13764
13,BOUCHES-DU-RHONE,7,56488,42834,42221,613,129,506,6844,924,11738,898,3750,3677,13755
13,BOUCHES-DU-RHONE,8,64119,49760,49040,720,148,605,6285,978,13994,1231,5871,5618,14310
13,BOUCHES-DU-RHONE,9,72561,59909,58892,1017,168,759,7782,1416,13453,1733,8566,9484,15531
13,BOUCHES-DU-RHONE,10,87915,73571,72360,1211,191,949,10009,1940,18645,2251,9847,9624,18904
13,BOUCHES-DU-RHONE,11,71296,59332,58314,1018,141,785,3399,1201,15997,2313,10047,9951,14480
13,BOUCHES-DU-RHONE,12,79668,65425,64352,1073,176,830,7489,1365,17892,1864,8289,7955,18492
13,BOUCHES-DU-RHONE,13,68020,56418,55435,983,189,912,9337,1605,16333,1910,6548,6123,12478
13,BOUCHES-DU-RHONE,14,78584,64976,64009,967,167,807,3431,1767,17511,2601,10858,12020,14847
13,BOUCHES-DU-RHONE,15,71424,60420,59087,1333,214,822,4924,1194,16198,2073,8968,9795,14899
13,BOUCHES-DU-RHONE,16,73664,61373,60257,1116,180,836,9651,1442,16969,1752,7831,8181,13415
14,CALVADOS,1,63612,50685,49865,820,174,943,2111,1383,17888,2292,10250,9627,5197
14,CALVADOS,2,61328,48803,47988,815,250,1098,3090,1507,21294,2178,7425,6495,4651
14,CALVADOS,3,68203,56597,55468,1129,251,1442,2746,878,21337,1991,9495,11052,6276
14,CALVADOS,4,67272,55031,53982,1049,227,1162,2704,882,17760,2094,10158,12243,6752
14,CALVADOS,5,79329,65720,64590,1130,234,1463,2577,1142,23563,2536,11847,13687,7541
14,CALVADOS,6,74642,62642,61125,1517,256,1625,1948,1019,22748,2548,11438,13138,6405
15,CANTAL,1,61948,51895,50906,989,132,1037,3069,1149,17869,1396,6140,16442,3672
15,CANTAL,2,63292,51673,50831,842,141,929,2707,701,14471,1091,5583,21655,3553
16,CHARENTE,1,61125,49587,48463,1124,175,1152,2697,1026,19566,1622,8008,9601,4616
16,CHARENTE,2,60948,49880,48781,1099,185,956,2007,705,20497,1533,8392,10162,4344
16,CHARENTE,3,71052,59944,58402,1542,227,1338,5908,1268,23469,1796,7724,11856,4816
16,CHARENTE,4,58948,48738,47642,1096,200,1030,3670,1113,20614,1596,6965,8149,4305
17,CHARENTE-MARITIME,1,74624,59816,58780,1036,212,1033,4341,1341,20840,2335,10603,11087,6988
17,CHARENTE-MARITIME,2,72899,58271,57005,1266,284,1255,3714,1225,20747,2161,10792,10348,6479
17,CHARENTE-MARITIME,3,75765,61441,60037,1404,277,1341,3938,1343,23625,2379,10732,10918,5484
17,CHARENTE-MARITIME,4,79521,64301,62668,1633,305,1458,2833,948,24062,1999,10895,13518,6650
17,CHARENTE-MARITIME,5,78122,62817,61449,1368,237,1228,3100,1001,19998,2129,11197,14663,7896
18,CHER,1,73357,60488,59200,1288,223,1334,5237,1120,19166,1934,11056,11855,7275
18,CHER,2,67552,56149,53941,2208,241,1370,8002,1335,18363,1764,8119,8378,6369
18,CHER,3,84428,69609,68071,1538,280,1476,8124,1355,22790,2175,10859,13693,7319
19,CORREZE,1,66749,58429,57312,1117,156,944,9196,2396,16714,1400,2609,21149,2748
19,CORREZE,2,61322,53675,52570,1105,118,807,5795,1299,16622,1351,3306,18787,4485
19,CORREZE,3,58071,50761,49826,935,134,817,6795,1334,12912,1127,1801,22643,2263
2A,CORSE-DU-SUD,1,42330,29331,28721,610,40,197,1760,538,8317,719,4348,8414,4388
2A,CORSE-DU-SUD,2,49700,33654,33206,448,50,191,3501,568,7679,753,4442,11236,4786
2B,HAUTE-CORSE,1,45549,30853,30096,757,50,242,3026,1161,8720,783,3969,7886,4259
2B,HAUTE-CORSE,2,69002,45641,45159,482,57,255,2888,1162,14741,1197,5096,14982,4781
21,COTE-D'OR,1,58630,48085,47385,700,194,787,1401,1003,14953,2145,8638,11906,6358
21,COTE-D'OR,2,55952,45328,44479,849,197,772,1683,832,15490,1760,7122,10018,6605
21,COTE-D'OR,3,56535,45568,44722,846,265,863,2185,1051,17630,1899,6494,7805,6530
21,COTE-D'OR,4,68683,56444,55356,1088,271,1194,2347,880,20365,2135,8457,12304,7403
21,COTE-D'OR,5,72952,59487,58285,1202,310,1107,2250,839,21031,2305,9364,13142,7937
22,COTES-D'ARMOR,1,77838,65408,64335,1073,213,1383,4882,2157,24412,3006,11468,11111,5703
22,COTES-D'ARMOR,2,81164,70115,68719,1396,233,1693,3286,1407,27288,2513,12651,13638,6010
22,COTES-D'ARMOR,3,80745,70524,69344,1180,233,1652,3523,1519,27901,2601,12246,15091,4578
22,COTES-D'ARMOR,4,81787,70530,69532,998,257,1903,10314,2434,25351,2673,9760,12059,4781
22,COTES-D'ARMOR,5,91322,76561,75565,996,255,2041,4443,2186,28018,3514,13734,13819,7555
23,CREUSE,1,54593,43441,42360,1081,177,958,5134,1371,15351,1062,4435,10516,3356
23,CREUSE,2,56559,45721,44573,1148,184,1037,4591,1066,14918,1134,4223,14006,3414
24,DORDOGNE,1,72098,60712,59232,1480,158,943,7122,1862,20365,1942,7377,13955,5508
24,DORDOGNE,2,75306,63876,62312,1564,215,1285,5377,1596,21905,2237,8759,13068,7870
24,DORDOGNE,3,74925,64948,63118,1830,244,1169,8240,1579,22026,1755,7501,15466,5138
24,DORDOGNE,4,79678,68338,66895,1443,226,1184,7790,1942,23350,2153,6782,17302,6166
25,DOUBS,1,55781,46925,46063,862,218,1044,1469,1352,16116,2532,7011,8693,7628
25,DOUBS,2,63206,53095,52099,996,203,1145,1623,1468,17466,2675,8191,11490,7838
25,DOUBS,3,61466,51008,49899,1109,210,1533,1981,842,18431,2328,7290,10841,6443
25,DOUBS,4,64241,51494,50274,1220,224,1661,2635,1041,20356,2364,6552,8351,7090
25,DOUBS,5,62135,53094,52109,985,200,1056,923,711,15163,2344,10091,14511,7110
26,DROME,1,63359,51413,50483,930,169,855,2699,1403,15914,2134,8955,9468,8886
26,DROME,2,62915,52893,51815,1078,169,1053,3425,1687,16762,1968,8230,9280,9241
26,DROME,3,78291,64512,63151,1361,300,1278,4540,2160,19616,3641,10447,11998,9171
26,DROME,4,70278,56964,55757,1207,209,1106,3466,1297,17621,2387,10208,9823,9640
27,EURE,1,70755,57519,56288,1231,247,1121,2722,792,19503,1942,9008,11861,9092
27,EURE,2,62804,51970,50634,1336,225,1047,2909,819,18208,1762,8731,10097,6836
27,EURE,3,67067,56234,54800,1434,249,1252,2760,837,20832,1872,10346,10515,6137
27,EURE,4,65480,54434,53184,1250,233,1207,3631,1138,20315,1932,8226,8829,7673
27,EURE,5,70241,59010,57760,1250,237,1322,3589,872,20701,1876,8278,12335,8550
28,EURE-ET-LOIR,1,67131,56144,55056,1088,246,1110,2388,971,19218,2172,10103,11071,7777
28,EURE-ET-LOIR,2,60148,49587,48684,903,203,808,1947,849,16240,1610,7268,9706,10053
28,EURE-ET-LOIR,3,66109,54269,53023,1246,244,1125,2448,726,20191,1730,9293,9837,7429
28,EURE-ET-LOIR,4,63082,53817,52642,1175,247,1146,2723,761,19185,1566,10215,9813,6986
29,FINISTERE,1,68174,57837,57034,803,184,1392,2419,1739,21342,2780,10102,11134,5942
29,FINISTERE,2,71167,57169,56607,562,192,1115,1795,1873,20869,2370,11372,10878,6143
29,FINISTERE,3,81331,67590,66766,824,221,1473,1617,1794,22735,2848,14642,14013,7423
29,FINISTERE,4,78327,65857,65061,796,215,1259,3449,1752,24494,2852,11404,14701,4935
29,FINISTERE,5,77951,66379,65603,776,204,1294,1352,1186,20714,2679,15129,16622,6423
29,FINISTERE,6,85738,71809,70902,907,234,1710,3857,2228,24624,2672,13076,15299,7202
29,FINISTERE,7,77820,63918,63025,893,227,1406,3388,1736,22253,2637,12950,12272,6156
29,FINISTERE,8,74692,61569,60648,921,178,1397,4041,1699,23510,2766,10244,10888,5925
30,GARD,1,73690,59134,58193,941,196,759,5674,1681,16122,1709,9340,9912,12800
30,GARD,2,83133,69172,67831,1341,229,924,7923,1909,18697,1892,9385,9475,17397
30,GARD,3,84760,70695,69302,1393,294,1410,5645,1668,21948,2430,10603,11306,13998
30,GARD,4,78562,64941,63467,1474,249,1289,11382,2107,17126,2037,8816,9095,11366
30,GARD,5,74260,62026,60671,1355,222,1229,7942,2055,18907,2446,8381,9272,10217
31,HAUTE-GARONNE,1,61941,45347,44701,646,119,747,2193,1398,15725,1624,7407,9021,6467
31,HAUTE-GARONNE,2,80280,66145,64992,1153,176,1216,3483,1918,24885,2411,10269,11596,9038
31,HAUTE-GARONNE,3,64708,52738,51882,856,203,983,2693,2081,19405,2391,8482,9404,6240
31,HAUTE-GARONNE,4,51108,37756,37241,515,107,673,2085,1349,13926,1328,5649,6730,5394
31,HAUTE-GARONNE,5,90017,76608,75175,1433,260,1565,4684,2142,32325,2645,10260,11149,10145
31,HAUTE-GARONNE,6,75281,62671,61486,1185,233,1260,3862,1954,24726,2467,8781,9054,9149
31,HAUTE-GARONNE,7,85495,73731,72331,1400,243,1684,4940,2026,31105,2640,9359,11273,9061
31,HAUTE-GARONNE,8,78740,63940,62696,1244,197,1314,3836,1386,27750,1924,9137,10769,6383
32,GERS,1,71928,59058,57675,1383,198,1138,3549,1515,23434,2293,8376,11496,5676
32,GERS,2,66091,54676,53533,1143,166,1037,3065,1169,21216,1902,7697,11075,6206
33,GIRONDE,1,70012,55807,55112,695,154,854,2779,1117,17939,1712,9982,13553,7022
33,GIRONDE,2,55220,42031,41499,532,136,656,1690,1058,12753,1470,7731,10529,5476
33,GIRONDE,3,65812,51932,51196,736,198,1079,5155,1567,20033,1699,7633,8246,5586
33,GIRONDE,4,67115,55455,54602,853,242,1237,5137,1421,24309,1522,6576,6820,7338
33,GIRONDE,5,71997,60081,58821,1260,227,1272,3523,1124,23577,1599,9002,10748,7749
33,GIRONDE,6,65220,54464,53468,996,231,1186,2747,1287,20866,1892,9435,9280,6544
33,GIRONDE,7,74667,61974,60925,1049,246,1391,3540,1736,23561,2431,9902,11057,7061
33,GIRONDE,8,82074,68932,67753,1179,214,1201,3284,1069,24779,1659,11627,14900,9020
33,GIRONDE,9,83581,70786,69387,1399,264,1417,5543,1468,27961,1990,9558,13089,8097
33,GIRONDE,10,71329,59966,58734,1232,191,1154,2919,1007,23791,1652,8222,13110,6688
33,GIRONDE,11,68440,57342,56010,1332,215,1227,3215,848,24275,1325,8178,10128,6599
34,HERAULT,1,57827,45651,45024,627,145,698,2058,1410,13452,1733,6757,8573,10198
34,HERAULT,2,52685,41572,41007,565,155,668,2055,1474,12796,1710,6154,7396,8599
34,HERAULT,3,78345,65600,64595,1005,248,1014,3765,1764,19966,2263,9400,12196,13979
34,HERAULT,4,88661,74387,73112,1275,300,1279,6070,2540,24724,2768,10451,12141,12839
34,HERAULT,5,80563,67590,66168,1422,257,1352,8149,3577,22073,2043,8160,10507,10050
34,HERAULT,6,76287,60528,59510,1018,214,1033,6860,1881,17348,1495,7329,10644,12706
34,HERAULT,7,81953,66867,65634,1233,207,1076,8559,2035,18803,1855,8378,10437,14284
35,ILLE-ET-VILAINE,1,65259,51556,50764,792,245,1319,2229,1854,21700,2796,8943,7093,4585
35,ILLE-ET-VILAINE,2,75635,62134,61133,1001,250,1594,1734,1603,23878,3042,11291,12641,5100
35,ILLE-ET-VILAINE,3,71816,58920,57903,1017,244,1657,1709,1514,22293,2773,11166,11711,4836
35,ILLE-ET-VILAINE,4,78228,66104,64888,1216,297,1734,2040,1041,25328,2668,12754,13082,5944
35,ILLE-ET-VILAINE,5,88246,75218,73465,1753,322,1833,1256,1323,23796,3289,18962,17091,5593
35,ILLE-ET-VILAINE,6,68182,58047,56650,1397,219,1488,1243,851,20865,2082,12372,13485,4045
35,ILLE-ET-VILAINE,7,83976,68929,67598,1331,224,1611,2067,1074,24773,2421,12725,15465,7238
36,INDRE,1,53742,44798,43537,1261,202,946,3658,966,16152,1463,6911,7493,5746
36,INDRE,2,66826,55688,54102,1586,233,1536,4983,1191,20364,1591,7575,10992,5637
36,INDRE,3,61359,51883,50292,1591,200,1362,3842,980,19174,1237,7186,10916,5395
37,INDRE-ET-LOIRE,1,56069,42581,41902,679,159,723,1652,1055,14429,1497,8665,8362,5360
37,INDRE-ET-LOIRE,2,72324,60184,58785,1399,308,1306,2837,1153,21407,2137,11272,10902,7463
37,INDRE-ET-LOIRE,3,81741,67970,66217,1753,336,1552,4622,1477,25809,2157,11486,11365,7413
37,INDRE-ET-LOIRE,4,74759,61096,59579,1517,275,1409,2572,1079,23335,1987,10747,10716,7459
37,INDRE-ET-LOIRE,5,66399,54148,52806,1342,297,1239,2191,933,19853,1877,10196,9760,6460
38,ISERE,1,70902,58544,57852,692,157,766,1978,1877,17617,3043,11611,13630,7173
38,ISERE,2,61638,50987,50127,860,214,863,5707,2024,18661,2289,6331,6297,7741
38,ISERE,3,51860,42606,41969,637,183,692,3223,1649,16178,2076,5581,6324,6063
38,ISERE,4,67947,55333,54464,869,189,1077,3952,1634,18730,2557,8676,9725,7924
38,ISERE,5,65707,54277,53302,975,239,1054,3979,1621,17727,2724,9303,8700,7955
38,ISERE,6,76070,61648,60449,1199,261,1160,3747,1177,20123,2348,10745,9159,11729
38,ISERE,7,70244,57091,55811,1280,248,1105,3344,1181,17911,2482,10642,8887,10011
38,ISERE,8,79875,65398,64030,1368,248,1078,4907,1567,21954,2337,10695,9835,11409
38,ISERE,9,67710,55491,54304,1187,238,1025,2866,1247,18040,2776,9734,9180,9198
39,JURA,1,60214,49762,48571,1191,215,1087,2717,1013,16215,2499,8846,9444,6535
39,JURA,2,49851,40614,39681,933,185,1068,1556,655,12283,2425,7136,7701,6672
39,JURA,3,63445,52901,51824,1077,251,1290,3541,1122,18327,2573,8433,9147,7140
40,LANDES,1,76529,64582,63311,1271,217,959,3055,1197,26188,1570,10177,13415,6533
40,LANDES,2,79562,67368,66088,1280,194,1018,5005,1343,26837,1630,9981,13794,6286
40,LANDES,3,77634,67598,66205,1393,167,904,5523,1305,29265,1349,9115,13867,4710
41,LOIR-ET-CHER,1,78251,65956,64430,1526,257,1256,4051,1504,23089,2289,11946,11931,8107
41,LOIR-ET-CHER,2,71521,60743,59192,1551,226,1274,4014,1030,21301,1548,9553,12387,7859
41,LOIR-ET-CHER,3,67079,56662,54983,1679,238,1443,3373,915,19102,1742,11051,10244,6875
42,LOIRE,1,69020,52954,52178,776,238,959,4405,1402,15587,1991,9107,8247,10242
42,LOIRE,2,59796,44307,43691,616,191,795,3188,1248,12318,1877,7807,8067,8200
42,LOIRE,3,69521,57714,56603,1111,277,1137,3808,1226,17031,2413,10192,9354,11165
42,LOIRE,4,70628,55427,54305,1122,252,1133,5212,1488,16139,2205,8908,7959,11009
42,LOIRE,5,68898,55357,54085,1272,227,1087,3984,1100,18594,2079,9712,10274,7028
42,LOIRE,6,61726,50631,49224,1407,225,1072,2296,763,15408,1997,11192,9844,6427
42,LOIRE,7,78073,64548,63129,1419,300,1391,3161,1202,18438,2579,12157,13164,10737
43,HAUTE-LOIRE,1,76984,64204,62701,1503,277,1417,2387,1254,18102,2598,14310,12260,10096
43,HAUTE-LOIRE,2,79636,64889,63372,1517,323,1474,3221,1658,19689,2436,12706,14210,7655
44,LOIRE-ATLANTIQUE,1,63422,49719,49043,676,202,902,1468,1291,16841,2276,10544,10463,5056
44,LOIRE-ATLANTIQUE,2,67906,51763,51107,656,222,846,1683,1365,16568,2112,10477,12116,5718
44,LOIRE-ATLANTIQUE,3,77208,60584,59625,959,325,1464,3435,1741,25836,2485,9626,8163,6550
44,LOIRE-ATLANTIQUE,4,62279,50469,49541,928,315,1139,2462,1387,21586,2100,8567,7670,4315
44,LOIRE-ATLANTIQUE,5,78697,66079,64499,1580,356,1558,1806,1498,23053,2939,13686,13246,6357
44,LOIRE-ATLANTIQUE,6,65513,55255,53717,1538,222,1341,1418,1060,20149,2131,10575,12118,4703
44,LOIRE-ATLANTIQUE,7,79367,65837,64524,1313,287,1579,2406,1241,22706,2480,12652,14555,6618
44,LOIRE-ATLANTIQUE,8,72007,56771,55671,1100,362,1749,4601,1804,23344,2440,8683,7500,5188
44,LOIRE-ATLANTIQUE,9,69791,58325,56959,1366,279,1430,1657,861,18124,2408,12899,13057,6244
44,LOIRE-ATLANTIQUE,10,68535,58851,57419,1432,292,1441,1423,1097,18602,2607,14100,12186,5671
45,LOIRET,1,63946,53795,52590,1205,242,975,2624,1096,16870,2392,10380,11040,6971
45,LOIRET,2,68400,57117,55897,1220,226,1158,3505,1068,17819,2158,10560,11333,8070
45,LOIRET,3,72646,60498,59076,1422,249,1214,2978,1139,18792,2253,11297,12337,8817
45,LOIRET,4,83862,69649,68006,1643,282,1341,5267,968,21227,2211,11465,14310,10935
45,LOIRET,5,76071,64514,62969,1545,254,1369,3469,1047,20302,2147,10879,13741,9761
46,LOT,1,61123,51800,50639,1161,192,1065,3442,1539,19477,2396,6558,11079,4891
46,LOT,2,60621,51952,50762,1190,185,1073,3730,1499,19836,2070,5727,13081,3561
47,LOT-ET-GARONNE,1,75566,63155,61730,1425,202,961,4513,1409,20728,2325,11082,10894,9616
47,LOT-ET-GARONNE,2,74929,64257,62742,1515,194,1162,7369,1498,21000,1892,9285,11462,8880
47,LOT-ET-GARONNE,3,73593,61690,60325,1365,204,1119,3823,1406,20419,2214,9268,11883,9989
48,LOZERE,1,30695,24848,24362,486,98,448,1320,812,7147,992,5117,5814,2614
48,LOZERE,2,26437,22198,21863,335,82,352,933,383,5259,591,4865,6635,2763
49,MAINE-ET-LOIRE,1,68486,55901,54665,1236,243,1159,1653,1004,18126,2218,12631,12495,5136
49,MAINE-ET-LOIRE,2,70630,59474,57950,1524,285,1514,2268,1169,20167,2482,13283,11211,5571
49,MAINE-ET-LOIRE,3,59644,49180,47662,1518,204,1252,1580,646,17344,1693,10982,9891,4070
49,MAINE-ET-LOIRE,4,64909,54210,52763,1447,214,1328,1028,686,16327,1732,13198,12950,5300
49,MAINE-ET-LOIRE,5,63676,53949,52475,1474,210,1532,1463,776,16196,2246,13807,10180,6065
49,MAINE-ET-LOIRE,6,72271,62702,60631,2071,309,1649,1012,904,18001,2806,16031,14168,5751
49,MAINE-ET-LOIRE,7,60971,52092,50717,1375,218,1239,1349,837,16817,2445,11566,12238,4008
50,MANCHE,1,69365,57983,56738,1245,317,1219,1296,909,19631,2402,12205,13336,5423
50,MANCHE,2,74785,63078,61424,1654,284,1560,1118,753,18233,2222,14168,17048,6038
50,MANCHE,3,67319,55345,54265,1080,214,1134,1286,815,18147,2413,11205,12981,6070
50,MANCHE,4,62809,51739,50922,817,220,1018,1306,682,16446,2281,10394,12286,6289
50,MANCHE,5,66688,53588,52791,797,250,1110,2796,1051,20808,2599,9683,8561,5933
51,MARNE,1,53996,42083,41528,555,159,778,2322,804,14012,1712,7126,9262,5353
51,MARNE,2,58322,47157,46381,776,199,1059,2594,725,17087,2009,7985,8839,5884
51,MARNE,3,57094,45710,44943,767,176,1045,2374,687,16610,1784,7202,8625,6440
51,MARNE,4,57295,46119,45252,867,180,774,2692,612,14683,1905,8294,9195,6917
51,MARNE,5,60617,50425,49342,1083,180,1059,2237,470,17255,1820,8078,10733,7510
51,MARNE,6,65378,53132,52092,1040,187,1019,4132,662,17101,1817,9437,10624,7113
52,HAUTE-MARNE,1,78423,64038,62512,1526,305,1515,2367,952,22303,2801,10484,13131,8654
52,HAUTE-MARNE,2,68773,55124,53773,1351,243,1285,3890,700,18725,2090,7682,9636,9522
53,MAYENNE,1,70342,59807,58097,1710,372,1341,1601,1058,21107,2503,13615,11320,5180
53,MAYENNE,2,59580,50758,49158,1600,218,1066,938,632,15450,1909,11038,14203,3704
53,MAYENNE,3,66696,57232,55345,1887,251,1304,1015,861,18145,2192,13407,13708,4462
54,MEURTHE-ET-MOSELLE,1,53389,39935,39276,659,186,828,1166,949,13024,1753,8226,7396,5748
54,MEURTHE-ET-MOSELLE,2,73912,58288,57205,1083,249,1356,2053,1071,20386,2613,11237,9357,8883
54,MEURTHE-ET-MOSELLE,3,58631,45894,45105,789,197,989,1954,965,15103,2063,9265,8127,6442
54,MEURTHE-ET-MOSELLE,4,74995,61843,60420,1423,279,1943,2745,835,22157,2521,11214,9377,9349
54,MEURTHE-ET-MOSELLE,5,64871,53791,52644,1147,262,1420,1916,739,18546,2372,10703,8130,8556
54,MEURTHE-ET-MOSELLE,6,72539,59587,58430,1157,248,1722,6521,2008,20990,2238,8558,7620,8525
54,MEURTHE-ET-MOSELLE,7,71225,56389,55243,1146,263,1439,8720,2109,18993,1924,7027,7576,7192
55,MEUSE,1,78666,65849,64292,1557,273,1699,2561,847,23094,2924,12094,10985,9815
55,MEUSE,2,61580,51001,49874,1127,202,1276,2620,693,17014,2187,8935,9632,7315
56,MORBIHAN,1,71891,59874,58935,939,227,1049,1153,960,19025,2450,12805,13062,8204
56,MORBIHAN,2,70979,59227,58188,1039,181,1169,2136,934,18654,2276,11589,10888,10361
56,MORBIHAN,3,69549,60118,59056,1062,200,1262,2474,925,20692,2324,11237,13188,6754
56,MORBIHAN,4,76307,65301,64332,969,194,1330,1303,744,24211,2093,14515,14070,5872
56,MORBIHAN,5,76808,61434,60355,1079,206,1340,4511,1505,20743,2516,10904,9681,8949
56,MORBIHAN,6,77892,66389,65202,1187,246,1516,4377,1335,24732,2621,10961,12029,7385
57,MOSELLE,1,64437,53576,52587,989,249,1381,2793,983,19677,2161,8764,7434,9145
57,MOSELLE,2,64480,52877,51951,926,219,1155,1269,742,17023,2448,10306,9040,9749
57,MOSELLE,3,61757,50229,49339,890,219,1104,1094,863,15167,2457,10244,9529,8662
57,MOSELLE,4,65832,55633,54303,1330,192,1576,752,463,14854,3239,9497,11500,12230
57,MOSELLE,5,70343,58476,56815,1661,244,1911,1117,434,17879,3384,9748,9581,12517
57,MOSELLE,6,69242,54981,53724,1257,356,2082,1812,554,18112,2723,7163,7823,13099
57,MOSELLE,7,70879,58168,56997,1171,294,2246,1322,575,18396,2696,9236,9298,12934
57,MOSELLE,8,67217,55753,54527,1226,297,1918,2563,795,19884,2403,8353,7597,10717
57,MOSELLE,9,63884,52182,51143,1039,182,1148,2695,861,17004,2283,9504,9070,8396
57,MOSELLE,10,68300,55763,54592,1171,229,1820,6464,1251,20711,2061,6528,6264,9264
58,NIEVRE,1,57013,46429,45570,859,162,790,4255,815,20450,1321,6000,7305,4472
58,NIEVRE,2,59965,50255,49223,1032,205,930,5650,933,20153,1444,6532,8017,5359
58,NIEVRE,3,60186,49411,48406,1005,153,781,3828,785,23163,1248,5299,9055,4094
59,NORD,1,56114,42021,41310,711,139,854,2207,1057,15660,1374,6936,6167,6916
59,NORD,2,69137,54714,53726,988,204,1103,3914,1426,21409,2228,8906,6817,7719
59,NORD,3,56392,42884,42145,739,150,782,2179,913,13829,1502,8186,7969,6635
59,NORD,4,63241,52353,51340,1013,159,985,3143,717,16704,1657,11688,8747,7540
59,NORD,5,75739,64086,62537,1549,237,1481,6175,976,24860,1888,9997,8338,8585
59,NORD,6,63738,56389,55118,1271,181,1144,3859,767,20128,1787,9734,9981,7537
59,NORD,7,65455,53874,52817,1057,177,1027,2405,700,20117,1579,8769,6320,11723
59,NORD,8,64416,52016,51014,1002,135,994,2490,678,18995,1414,8331,7069,10908
59,NORD,9,62036,51141,50247,894,120,772,1798,551,13177,1379,11852,11872,8726
59,NORD,10,66175,56385,55169,1216,190,1070,3334,607,19222,1491,10469,7250,11536
59,NORD,11,76694,65724,64131,1593,219,1474,5296,810,25678,1952,10909,9000,8793
59,NORD,12,65624,54711,53151,1560,333,1809,4700,763,24424,1610,6286,5148,8078
59,NORD,13,61129,49584,48405,1179,234,1307,2910,653,17806,1721,8603,8072,7099
59,NORD,14,62566,55216,53713,1503,256,1688,1991,489,20829,1756,9350,11271,6083
59,NORD,15,62314,55088,53503,1585,248,1558,2721,593,21559,1663,9953,9081,6127
59,NORD,16,76223,64656,63037,1619,245,1491,15741,1354,22231,1616,6583,7031,6745
59,NORD,17,72428,58589,57365,1224,188,1331,8447,1084,20339,1476,7624,8758,8118
59,NORD,18,76782,65697,64117,1580,265,1574,6019,882,23820,1788,9251,10952,9566
59,NORD,19,77902,65546,64025,1521,275,1451,15548,1147,23061,1489,6185,6772,8097
59,NORD,20,76987,64423,62805,1618,242,1365,12025,779,22943,1655,7724,6996,9076
59,NORD,21,77754,62634,61428,1206,238,1285,7946,873,21771,1580,9014,9749,8972
59,NORD,22,73948,64327,62701,1626,195,1496,10922,1017,22616,1562,7689,9346,7858
59,NORD,23,66159,53255,52145,1110,228,1192,5780,827,18171,1218,6663,7300,10766
59,NORD,24,65506,54757,53246,1511,198,1342,5937,771,19022,1461,6510,9735,8270
60,OISE,1,66244,57308,56076,1232,206,1561,3186,779,22212,1647,7709,9996,8780
60,OISE,2,66885,58031,56775,1256,250,1385,3391,845,20527,1913,8138,10859,9467
60,OISE,3,60517,49337,48446,891,222,1058,5518,916,17837,1455,5482,6878,9080
60,OISE,4,70637,59151,58213,938,166,1018,3305,850,18574,2128,9421,12969,9782
60,OISE,5,56909,48316,47429,887,165,1122,3704,699,18154,1696,6721,7789,7379
60,OISE,6,61768,52069,51127,942,206,1230,3333,809,18663,1660,7607,9287,8332
60,OISE,7,60617,50414,49411,1003,208,1304,4457,883,18165,1754,6561,7421,8658
61,ORNE,1,71407,59047,57657,1390,210,1290,1519,1019,18884,2432,12038,14026,6239
61,ORNE,2,66548,55595,54557,1038,206,1190,1565,695,18011,1829,9797,13825,7439
61,ORNE,3,72158,61334,60032,1302,229,1549,2052,1148,21879,2646,11447,12447,6635
62,PAS-DE-CALAIS,1,73972,64834,63258,1576,232,1597,3361,919,25725,1915,10238,11272,7999
62,PAS-DE-CALAIS,2,66152,57863,56499,1364,242,1346,5021,965,21943,1843,9143,8969,7027
62,PAS-DE-CALAIS,3,67464,60925,59344,1581,246,1522,3274,764,23236,1705,9708,13286,5603
62,PAS-DE-CALAIS,4,69467,59479,58048,1431,202,1501,3596,645,22450,1548,10206,11549,6351
62,PAS-DE-CALAIS,5,59651,49346,48161,1185,188,1320,5293,812,19466,1303,7248,7463,5068
62,PAS-DE-CALAIS,6,66460,55220,53854,1366,213,1384,5087,729,21711,1580,8090,9294,5766
62,PAS-DE-CALAIS,7,71651,59121,57363,1758,291,1877,5100,800,23075,1553,8465,9602,6600
62,PAS-DE-CALAIS,8,60137,52584,51106,1478,207,1579,2318,570,23355,1457,7780,8919,4921
62,PAS-DE-CALAIS,9,72734,62873,61199,1674,252,1707,6872,821,26292,1819,8416,8909,6111
62,PAS-DE-CALAIS,10,74166,62362,60562,1800,264,1809,11354,933,25297,1576,7193,6633,5503
62,PAS-DE-CALAIS,11,83174,71717,69789,1928,281,1923,11235,980,28810,1851,8427,7702,8580
62,PAS-DE-CALAIS,12,75823,63613,61855,1758,252,1712,12358,1018,27695,1521,6256,4452,6591
62,PAS-DE-CALAIS,13,71366,59046,57527,1519,215,1591,9129,849,24885,1398,6426,5128,7906
62,PAS-DE-CALAIS,14,71244,59719,58286,1433,209,1491,10591,894,22870,1385,6405,5368,9073
63,PUY-DE-DOME,1,56141,45584,44694,890,249,991,3220,1703,16260,1797,7805,7149,5520
63,PUY-DE-DOME,2,64784,53624,52308,1316,300,1272,3753,1894,18788,2213,9165,8607,6316
63,PUY-DE-DOME,3,66422,54607,53559,1048,228,953,2205,1780,15266,2216,10925,14344,5642
63,PUY-DE-DOME,4,67669,55962,54620,1342,271,1436,4150,1763,19457,2153,8627,11017,5746
63,PUY-DE-DOME,5,66375,54495,52886,1609,246,1328,4252,1200,18429,2078,9149,9200,7004
63,PUY-DE-DOME,6,79688,66710,64917,1793,310,1511,5391,1939,22294,2564,10737,12999,7172
64,PYRENEES-ATLANTIQUES,1,57562,47089,46291,798,116,720,1881,1111,16008,1695,8351,9979,6430
64,PYRENEES-ATLANTIQUES,2,60222,50949,49986,963,141,860,2166,1054,17331,1739,9346,11534,5815
64,PYRENEES-ATLANTIQUES,3,74772,63065,61744,1321,206,1233,3339,1310,23897,2076,9988,13045,6650
64,PYRENEES-ATLANTIQUES,4,80698,66134,64718,1416,229,1500,3433,1718,20470,2211,11230,19180,4747
64,PYRENEES-ATLANTIQUES,5,68326,55629,54667,962,182,915,3432,1378,18372,1717,10320,12546,5805
64,PYRENEES-ATLANTIQUES,6,72007,58845,57735,1110,198,1185,2334,1216,17297,1990,11443,15702,6370
65,HAUTES-PYRENEES,1,59453,48053,46879,1174,166,940,4075,1498,19241,1494,7045,8492,3928
65,HAUTES-PYRENEES,2,60460,49307,48318,989,161,866,3690,1314,17394,1497,8356,9737,5303
65,HAUTES-PYRENEES,3,51836,41477,40657,820,158,683,5493,1420,14786,1345,5818,6688,4266
66,PYRENEES-ORIENTALES,1,56690,44721,43918,803,108,558,2977,961,12987,1310,6244,7809,10964
66,PYRENEES-ORIENTALES,2,66474,54397,53392,1005,171,874,5684,1200,16655,1564,6557,8980,11707
66,PYRENEES-ORIENTALES,3,61815,48155,47251,904,145,704,4587,1255,14419,1625,7005,9254,8257
66,PYRENEES-ORIENTALES,4,66919,55001,53940,1061,167,975,5389,1400,18280,1830,6778,9311,9810
67,BAS-RHIN,1,49115,37278,36874,404,98,494,476,811,10209,3264,7388,8034,6100
67,BAS-RHIN,2,50994,38870,38367,503,117,637,725,640,11478,3375,6700,6496,8199
67,BAS-RHIN,3,61994,47006,46341,665,128,722,1058,503,14655,3923,7764,6950,10638
67,BAS-RHIN,4,89427,72962,71770,1192,172,1168,937,589,20020,7074,13742,12923,15145
67,BAS-RHIN,5,80777,67721,66109,1612,204,1221,631,398,18097,6170,12504,11624,15260
67,BAS-RHIN,6,64248,54104,52919,1185,175,990,812,330,14151,4704,10393,9681,11683
67,BAS-RHIN,7,73186,61546,60155,1391,203,1404,678,371,15302,6056,11976,9219,14946
67,BAS-RHIN,8,63197,52904,51699,1205,157,1023,451,313,15552,5130,8733,9677,10663
67,BAS-RHIN,9,84384,71182,69701,1481,226,1323,697,366,19783,6604,12684,12302,15716
68,HAUT-RHIN,1,59154,48646,47631,1015,141,756,612,353,13580,4334,9707,8586,9562
68,HAUT-RHIN,2,65040,54849,53633,1216,132,911,618,350,14192,5299,11211,10452,10468
68,HAUT-RHIN,3,70042,59353,57954,1399,134,1135,671,327,16107,5660,10325,11419,12176
68,HAUT-RHIN,4,61015,49417,48384,1033,101,648,522,308,13117,4729,9039,9121,10799
68,HAUT-RHIN,5,53147,41608,40853,755,86,621,691,379,11689,3662,7517,6697,9511
68,HAUT-RHIN,6,66781,53197,52180,1017,129,840,1103,496,16951,4519,8029,6998,13115
68,HAUT-RHIN,7,61026,51291,50168,1123,164,1121,1110,424,18215,4407,7593,6607,10527
69,RHONE,1,53902,42572,41945,627,156,668,2132,991,12911,1687,9635,6633,7132
69,RHONE,2,65503,51281,50602,679,154,774,1890,1404,14094,2029,11645,10161,8451
69,RHONE,3,58065,45000,44456,544,170,631,2049,1022,12421,1632,10580,8008,7943
69,RHONE,4,62152,48709,48179,530,149,579,1578,963,11466,1536,13623,10711,7574
69,RHONE,5,73434,60947,60145,802,164,764,1969,1135,15174,2407,15801,12971,9760
69,RHONE,6,62793,50757,49982,775,206,748,3025,1339,17479,2084,8906,6444,9751
69,RHONE,7,60863,45733,45035,698,186,640,3728,1067,14429,1579,7885,5506,10015
69,RHONE,8,66822,55318,54174,1144,191,989,1650,812,15710,2095,13981,10204,8542
69,RHONE,9,64701,52097,50965,1132,167,784,1919,825,14267,1832,11263,10094,9814
69,RHONE,10,64036,54407,53426,981,171,716,1636,930,13426,2263,14072,11905,8307
69,RHONE,11,60932,50020,49046,974,162,864,4239,1224,14996,1917,9018,7385,9241
69,RHONE,12,66031,53723,52949,774,180,818,3143,1248,15210,2163,12335,9929,7923
69,RHONE,13,72215,58765,57753,1012,195,857,3597,1068,19292,1991,9557,7474,13722
69,RHONE,14,49259,37508,36871,637,164,685,5391,1093,13085,1263,4617,3342,7231
70,HAUTE-SAONE,1,57502,48736,47639,1097,181,955,1677,723,16989,1952,7959,10520,6683
70,HAUTE-SAONE,2,56368,47400,46005,1395,224,1326,2987,897,17485,2116,6597,8024,6349
70,HAUTE-SAONE,3,51752,43002,41705,1297,142,863,1597,608,16184,1494,6408,8693,5716
71,SAONE-ET-LOIRE,1,60604,47631,46524,1107,174,740,2451,892,15782,1939,8941,9720,5885
71,SAONE-ET-LOIRE,2,64137,52011,50719,1292,229,1090,2866,751,19032,1687,9430,10692,4942
71,SAONE-ET-LOIRE,3,68942,56572,55212,1360,181,954,3215,952,22714,1578,9072,10161,6385
71,SAONE-ET-LOIRE,4,64529,50752,49561,1191,200,854,4362,901,18955,1481,7368,10289,5151
71,SAONE-ET-LOIRE,5,58949,47500,46487,1013,152,841,3090,709,16775,1593,7187,10423,5717
71,SAONE-ET-LOIRE,6,79378,62401,60796,1605,231,1269,3976,826,22926,1811,11139,12324,6294
72,SARTHE,1,64125,52494,51100,1394,220,1223,1924,1053,17284,2023,10753,11781,4839
72,SARTHE,2,76595,62092,60481,1611,315,1642,6351,1536,24540,2100,9545,8819,5633
72,SARTHE,3,76119,63369,61332,2037,304,1667,3376,1125,24149,2057,11025,12067,5562
72,SARTHE,4,67387,55325,53742,1583,215,1495,3390,1227,20637,1959,9214,10717,4888
72,SARTHE,5,78700,64904,63126,1778,316,1681,2822,1315,23769,2412,12047,12609,6155
73,SAVOIE,1,80021,64889,63735,1154,270,1163,2860,1349,18895,3400,12063,13017,10718
73,SAVOIE,2,69407,53755,52727,1028,197,1041,3588,1119,15361,2517,9019,12433,7452
73,SAVOIE,3,80704,65291,64154,1137,295,1187,4206,1551,20596,3117,11514,12393,9295
74,HAUTE-SAVOIE,1,69113,56503,55464,1039,221,803,1738,982,15586,3305,13166,12154,7509
74,HAUTE-SAVOIE,2,63167,51581,50733,848,183,740,1621,898,13914,2725,12544,10824,7284
74,HAUTE-SAVOIE,3,62552,49479,48619,860,139,709,1553,704,12226,2293,10510,11143,9342
74,HAUTE-SAVOIE,4,66266,52441,51569,872,157,719,1539,848,14454,2773,11814,11466,7799
74,HAUTE-SAVOIE,5,75627,60184,58997,1187,199,939,2069,873,15886,3198,12522,14178,9133
75,PARIS,1,65386,49022,48441,581,196,868,1693,1599,16366,2071,5926,13956,5766
75,PARIS,2,63719,49933,49395,538,130,763,1124,1547,14189,2175,7505,17457,4505
75,PARIS,3,54469,42202,41867,335,72,436,690,710,8883,1230,7973,17432,4441
75,PARIS,4,59811,45332,44894,438,109,541,884,875,10931,1368,6604,17540,6042
75,PARIS,5,47933,35024,34617,407,173,636,1443,1155,11577,1330,3626,9207,5470
75,PARIS,6,59674,44443,43847,596,206,866,2360,1651,16366,1760,4349,9458,6831
75,PARIS,7,60210,45812,45240,572,183,907,2173,1570,15500,1860,4996,11398,6653
75,PARIS,8,64492,51403,50773,630,173,832,2002,1457,15856,2047,6466,15077,6863
75,PARIS,9,53839,41888,41351,537,207,824,2534,1494,14934,1726,4683,9858,5091
75,PARIS,10,62387,48802,48219,583,191,813,2133,1807,16046,2057,6409,13399,5364
75,PARIS,11,59121,45663,45165,498,168,803,1914,1589,14836,1893,5867,12475,5620
75,PARIS,12,66227,52547,52025,522,138,695,1238,1106,13315,1782,8994,18880,5877
75,PARIS,13,70072,55079,54445,634,143,761,1655,1252,15104,2062,8494,18676,6298
75,PARIS,14,52409,42656,42329,327,49,282,424,374,6781,843,8017,20775,4784
75,PARIS,15,46334,37538,37310,228,39,186,222,266,4939,664,6685,20168,4141
75,PARIS,16,58649,46206,45792,414,78,394,561,557,8718,1188,8051,20576,5669
75,PARIS,17,59188,43911,43393,518,164,803,1997,1178,13697,1623,5221,11224,7486
75,PARIS,18,62118,45664,45095,569,203,884,1868,1492,14191,1859,5121,11758,7719
75,PARIS,19,45446,33369,32892,477,170,680,1948,1112,12290,1131,3082,6524,5955
75,PARIS,20,58673,44791,44203,588,202,819,2734,1436,15649,1606,4500,10064,7193
75,PARIS,21,68466,51678,51022,656,221,1027,2870,1737,17600,2041,5559,11612,8355
76,SEINE-MARITIME,1,58548,46768,46000,768,219,908,2248,1291,16197,1768,8954,8846,5569
76,SEINE-MARITIME,2,73321,60478,59388,1090,219,1110,3034,1261,20008,2417,12024,12371,6944
76,SEINE-MARITIME,3,59975,47201,46240,961,217,1185,7045,1279,19714,1492,5513,4667,5128
76,SEINE-MARITIME,4,68343,55881,54615,1266,255,1572,5055,1249,25187,1697,6795,6067,6738
76,SEINE-MARITIME,5,78450,65968,64525,1443,246,1495,5437,1245,28683,2099,9582,9252,6486
76,SEINE-MARITIME,6,72594,59920,58775,1145,285,1447,8106,1276,22812,1843,8680,7858,6468
76,SEINE-MARITIME,7,61314,48294,47519,775,204,989,3612,1322,13894,1805,9130,10381,6182
76,SEINE-MARITIME,8,57257,44383,43379,1004,214,1173,6720,1113,16789,1377,5361,4476,6156
76,SEINE-MARITIME,9,71357,60192,58791,1401,270,1528,3695,1078,22276,2118,10549,10731,6546
76,SEINE-MARITIME,10,71070,60826,59561,1265,251,1445,2836,789,24988,1734,10200,11903,5415
76,SEINE-MARITIME,11,70986,59744,58544,1200,215,1484,6391,959,22810,1704,8996,10538,5447
76,SEINE-MARITIME,12,64844,54944,53643,1301,247,1365,2148,598,20686,1766,8768,12047,6018
77,SEINE-ET-MARNE,1,68718,55680,54712,968,209,989,2976,1336,18246,2221,8756,11303,8676
77,SEINE-ET-MARNE,2,66764,54956,54000,956,191,995,2426,872,15870,2104,9401,13022,9119
77,SEINE-ET-MARNE,3,65335,53527,52556,971,234,1045,3667,935,17492,1863,8365,9892,9063
77,SEINE-ET-MARNE,4,67071,55391,54336,1055,235,943,3665,684,17232,1821,8155,12272,9329
77,SEINE-ET-MARNE,5,66650,54216,53308,908,267,1068,3158,770,16817,2065,8175,10995,9993
77,SEINE-ET-MARNE,6,63496,51274,50400,874,213,960,3724,842,17615,1694,6776,8831,9745
77,SEINE-ET-MARNE,7,73600,58598,57642,956,220,1013,4376,1226,18686,2118,8119,10564,11320
77,SEINE-ET-MARNE,8,66256,54282,53380,902,255,925,3399,1348,19347,2436,7414,9009,9247
77,SEINE-ET-MARNE,9,71291,58684,57672,1012,230,1055,3330,1235,19756,2290,8609,11021,10146
78,YVELINES,1,74199,61299,60604,695,200,797,1752,1177,15702,2380,13289,17531,7776
78,YVELINES,2,67555,56561,55787,774,166,857,1952,1135,15612,2331,11229,15032,7473
78,YVELINES,3,63639,52544,51957,587,125,597,1113,897,12046,1951,11342,17894,5992
78,YVELINES,4,67659,54769,54029,740,128,769,2335,1062,14805,2341,10722,14220,7647
78,YVELINES,5,64992,52741,52070,671,181,725,2777,1039,13511,1968,9794,13612,8463
78,YVELINES,6,54870,44422,43825,597,110,572,1559,832,11681,1739,9016,12705,5611
78,YVELINES,7,61370,49938,49119,819,236,991,2527,1018,16360,2121,7957,9800,8109
78,YVELINES,8,57481,46173,45398,775,189,834,3342,901,15979,1435,6048,7382,9288
78,YVELINES,9,69795,58501,57466,1035,271,1092,3071,982,18285,2029,8389,11981,11366
78,YVELINES,10,80521,68165,67100,1065,238,1148,2668,1430,20550,2915,13082,15887,9182
78,YVELINES,11,52933,41943,41249,694,171,706,3802,1210,13888,1680,6699,7108,5985
78,YVELINES,12,57790,47237,46546,691,194,786,2384,951,15265,1823,7998,9938,7207
79,DEUX-SEVRES,1,56134,45714,44722,992,306,1047,1925,1159,18554,1843,8914,7900,3074
79,DEUX-SEVRES,2,67289,55688,54028,1660,350,1681,2204,1102,21852,2296,10307,10333,3903
79,DEUX-SEVRES,3,60979,52329,50454,1875,282,1321,1263,662,17548,2708,11170,11916,3584
79,DEUX-SEVRES,4,65696,56788,55033,1755,261,1381,1115,744,18576,2274,12790,13154,4738
80,SOMME,1,56864,46665,45730,935,176,1119,6017,1067,17018,1330,5740,5311,7952
80,SOMME,2,61140,50368,49545,823,163,926,3277,1271,16241,1759,9478,8458,7972
80,SOMME,3,64325,56903,55382,1521,228,1468,8604,970,19465,1452,7203,10270,5722
80,SOMME,4,68018,58872,57417,1455,222,1644,5080,809,22020,1454,8933,10329,6926
80,SOMME,5,62530,54475,53320,1155,220,1643,4625,786,20634,1459,7647,9183,7123
80,SOMME,6,68251,59354,58169,1185,237,1590,4578,905,21839,1717,8457,10446,8400
81,TARN,1,57324,48108,46771,1337,211,1052,4442,1425,19892,1866,6059,7237,4587
81,TARN,2,69719,58760,57250,1510,186,1079,3201,1316,20386,2252,9132,11071,8627
81,TARN,3,58339,49602,48233,1369,178,970,2037,962,15593,1796,7420,10882,8395
81,TARN,4,68050,59620,58286,1334,205,1257,3318,1159,21046,2244,8427,11129,9501
82,TARN-ET-GARONNE,1,72225,60463,59129,1334,208,1137,2963,1372,21007,2394,8350,13045,8653
82,TARN-ET-GARONNE,2,73405,61608,60187,1421,220,1231,4130,1150,22382,2298,8000,11306,9470
83,VAR,1,57526,44521,43961,560,101,467,2651,621,10512,1021,7456,9075,12057
83,VAR,2,57618,45198,44597,601,94,546,3153,866,11918,1080,7552,7496,11892
83,VAR,3,82728,67941,66973,968,177,741,4259,1335,16485,1923,11203,13690,17160
83,VAR,4,84219,69905,68825,1080,182,855,3409,1260,18601,2265,10664,15988,15601
83,VAR,5,72380,58473,57606,867,126,691,2404,763,14325,1613,9666,13506,14512
83,VAR,6,98886,83338,81955,1383,259,1131,7910,1937,22220,2604,12634,14039,19221
83,VAR,7,89310,70764,69604,1160,195,871,7085,1568,16295,1829,10926,12526,18309
84,VAUCLUSE,1,67911,56755,55794,961,225,769,3703,1159,17426,2001,8124,9074,13313
84,VAUCLUSE,2,91397,76783,75124,1659,306,1222,5649,1783,22359,3048,11370,12384,17003
84,VAUCLUSE,3,75492,63147,61666,1481,259,975,5316,1109,17359,2151,9839,9974,14684
84,VAUCLUSE,4,69361,58426,57098,1328,212,988,4883,1035,16301,2040,8578,10337,12724
85,VENDEE,1,72287,62329,60502,1827,257,1504,1399,979,19791,2595,14457,14890,4630
85,VENDEE,2,68987,60008,58510,1498,238,1326,1714,1009,20633,2242,13270,13640,4438
85,VENDEE,3,78611,64668,62920,1748,212,1382,2021,725,20270,2237,12929,15978,7166
85,VENDEE,4,72259,64570,62874,1696,228,1405,799,560,15231,2663,19631,16772,5585
85,VENDEE,5,72303,62203,60835,1368,215,1131,2373,913,22461,2219,13110,13643,4770
86,VIENNE,1,66042,54725,53263,1462,302,1143,2965,1419,20887,2283,8734,10605,4925
86,VIENNE,2,61598,51044,49851,1193,258,1035,2276,1346,18004,2259,9046,11337,4290
86,VIENNE,3,70020,58945,57209,1736,262,1433,3876,1071,21690,2015,8279,14350,4233
86,VIENNE,4,73223,59750,58123,1627,213,1341,3644,1094,22125,1825,9738,11266,6877
87,HAUTE-VIENNE,1,53742,44640,43508,1132,180,854,2828,1579,15485,1567,6001,11159,3855
87,HAUTE-VIENNE,2,72622,62207,60364,1843,221,1331,7760,2662,22277,1627,6104,14104,4278
87,HAUTE-VIENNE,3,67495,56420,54751,1669,224,1365,6265,1997,21370,1634,6027,11648,4221
87,HAUTE-VIENNE,4,68439,58173,56406,1767,220,1391,7577,2472,22269,1809,5482,10688,4498
88,VOSGES,1,71692,59157,57474,1683,306,1309,1754,797,21290,2633,9438,11712,8235
88,VOSGES,2,71110,57831,55947,1884,212,1451,3113,831,20806,2611,9000,9418,8505
88,VOSGES,3,64008,53533,51607,1926,259,1538,1773,839,16701,2834,9647,9963,8053
88,VOSGES,4,68376,57139,55554,1585,232,1314,2026,723,19237,2534,10213,11231,8044
89,YONNE,1,72146,58423,57055,1368,316,1042,2996,1030,19180,2224,11540,10454,8273
89,YONNE,2,70940,58863,57619,1244,292,1082,4427,1017,20283,2000,8826,11638,8054
89,YONNE,3,78412,64484,63127,1357,267,1087,3788,963,19481,2227,10273,13402,11639
90,TERRITOIRE DE BELFORT,1,40736,33040,32339,701,170,834,1271,620,11478,1640,4664,6142,5520
90,TERRITOIRE DE BELFORT,2,44192,36509,35582,927,180,1132,1776,790,13505,1949,4773,5607,5870
91,ESSONNE,1,52283,42517,41789,728,160,831,3490,1444,14973,1815,5790,6588,6698
91,ESSONNE,2,64674,54496,53552,944,214,1023,3977,1273,16106,2080,8600,11810,8469
91,ESSONNE,3,72415,61309,60173,1136,251,1163,4117,1797,19535,2572,9703,11923,9112
91,ESSONNE,4,62639,52736,51906,830,199,977,2682,2031,17252,2320,8776,10274,7395
91,ESSONNE,5,56912,47663,46937,726,202,845,2168,1723,15307,2525,9082,9971,5114
91,ESSONNE,6,69524,55582,54726,856,269,1091,3732,2320,19025,2431,8217,9994,7647
91,ESSONNE,7,68857,55052,54155,897,192,934,3415,2115,17430,2110,8509,10258,9192
91,ESSONNE,8,68342,54556,53663,893,219,1008,3759,1408,17791,2350,8025,10689,8414
91,ESSONNE,9,63580,51017,50315,702,203,920,3195,1395,16699,2185,7969,9884,7865
91,ESSONNE,10,57008,45158,44418,740,185,777,4565,2003,14421,1791,6390,7536,6750
92,HAUTS-DE-SEINE,1,57883,45878,45134,744,226,788,7041,1536,15364,1347,4360,5325,9147
92,HAUTS-DE-SEINE,2,58544,46664,46113,551,161,732,2382,1054,12619,1717,7550,11238,8660
92,HAUTS-DE-SEINE,3,63713,52011,51369,642,182,759,2048,953,13802,1911,9818,13481,8415
92,HAUTS-DE-SEINE,4,61065,49296,48568,728,199,836,6183,1352,16042,1682,6248,8296,7730
92,HAUTS-DE-SEINE,5,52069,41516,41001,515,179,754,2760,931,13043,1407,5445,9153,7329
92,HAUTS-DE-SEINE,6,59279,49618,49109,509,92,384,1059,454,9751,1186,9136,20288,6759
92,HAUTS-DE-SEINE,7,71881,59180,58421,759,176,826,1977,1020,15351,2168,11487,17985,7431
92,HAUTS-DE-SEINE,8,66269,54354,53732,622,179,800,2141,1178,15045,2190,10911,15025,6263
92,HAUTS-DE-SEINE,9,56010,44713,44246,467,105,543,1448,753,10985,1412,8018,15246,5736
92,HAUTS-DE-SEINE,10,51390,41457,40927,530,182,701,2575,1125,13311,1622,6757,9074,5580
92,HAUTS-DE-SEINE,11,66052,50613,49919,694,231,959,6939,1704,16133,2047,6431,8375,7100
92,HAUTS-DE-SEINE,12,74348,60877,60014,863,230,1079,4715,1720,19112,2514,9797,12562,8285
92,HAUTS-DE-SEINE,13,78374,64470,63576,894,201,1106,3490,1995,19253,2761,11726,15158,7886
93,SEINE-SAINT-DENIS,1,52090,40419,39799,620,154,771,5705,1030,13620,1267,4058,5263,7931
93,SEINE-SAINT-DENIS,2,51423,40093,39451,642,189,709,7420,1277,13388,1096,3346,3990,8036
93,SEINE-SAINT-DENIS,3,52591,40499,39873,626,179,724,8013,1087,12621,1011,3593,4835,7810
93,SEINE-SAINT-DENIS,4,46870,36447,35865,582,161,631,6584,773,11689,972,3362,4352,7341
93,SEINE-SAINT-DENIS,5,57475,43776,43031,745,168,843,8582,1069,13707,1297,3952,4682,8731
93,SEINE-SAINT-DENIS,6,59323,46219,45554,665,196,928,5818,1325,15628,1477,4916,6747,8519
93,SEINE-SAINT-DENIS,7,50880,37494,36953,541,175,710,5983,1398,11912,1282,3633,5185,6675
93,SEINE-SAINT-DENIS,8,62093,48745,47973,772,188,762,3330,973,14953,1801,7025,9637,9304
93,SEINE-SAINT-DENIS,9,60254,45758,44995,763,184,890,6389,1151,15337,1552,4683,5855,8954
93,SEINE-SAINT-DENIS,10,51396,40082,39436,646,177,726,3526,871,12665,1355,5038,6930,8148
93,SEINE-SAINT-DENIS,11,52283,41339,40608,731,191,738,4901,1002,13829,1287,4726,5451,8483
93,SEINE-SAINT-DENIS,12,58995,47543,46718,825,160,686,3898,863,14437,1654,6444,8758,9818
93,SEINE-SAINT-DENIS,13,54663,43926,43295,631,162,728,3276,1061,15142,1717,5533,7734,7942
94,VAL-DE-MARNE,1,52867,42950,42373,577,142,577,2504,838,11766,1712,7307,10756,6771
94,VAL-DE-MARNE,2,61137,48327,47622,705,207,834,5684,1418,18461,1611,5438,6935,7034
94,VAL-DE-MARNE,3,63548,51355,50495,860,231,876,5984,1266,15963,1948,7225,8736,8266
94,VAL-DE-MARNE,4,57690,48150,47405,745,182,747,2767,1049,14692,1923,7699,9970,8376
94,VAL-DE-MARNE,5,58603,45700,45024,676,163,636,5015,1048,13018,1630,6204,9580,7730
94,VAL-DE-MARNE,6,74550,57422,56708,714,215,836,4074,1354,15430,2241,9382,14609,8567
94,VAL-DE-MARNE,7,53665,43578,43041,537,139,582,2743,976,11571,1710,7282,11345,6693
94,VAL-DE-MARNE,8,51542,42434,41789,645,182,659,2167,893,12961,1616,7021,8994,7296
94,VAL-DE-MARNE,9,51376,39314,38651,663,194,671,5627,1168,14676,1335,3762,5016,6202
94,VAL-DE-MARNE,10,58274,46971,46329,642,236,818,11539,1707,14120,1543,4511,5703,6152
94,VAL-DE-MARNE,11,56069,44654,43910,744,199,831,8552,1616,13965,1641,4727,6194,6185
94,VAL-DE-MARNE,12,56920,46689,45949,740,227,909,3467,1430,16191,1965,6502,8590,6668
95,VAL-D'OISE,1,63747,52703,51841,862,239,990,3450,1072,16696,2036,8196,10031,9131
95,VAL-D'OISE,2,73199,60455,59454,1001,313,1224,3313,1527,20741,2514,9267,10307,10248
95,VAL-D'OISE,3,67782,55714,54755,959,263,950,3956,1245,17214,2308,8702,10716,9401
95,VAL-D'OISE,4,65093,53026,52259,767,222,913,2741,1122,16724,2173,8817,10557,8990
95,VAL-D'OISE,5,63887,50340,49491,849,238,1002,8669,1353,15982,1619,5108,6274,9246
95,VAL-D'OISE,6,63634,51019,50219,800,205,813,2811,1012,15150,1965,8131,11158,8974
95,VAL-D'OISE,7,69679,57236,56408,828,234,941,3323,1240,19070,2117,8586,11032,9865
95,VAL-D'OISE,8,50633,37973,37418,555,125,606,3595,797,14777,1069,4129,5035,7285
95,VAL-D'OISE,9,54588,44582,43836,746,163,785,4125,830,14915,1555,5287,6929,9247
